"ID","Type","Name","Documentation","Source","Target","Specialization"
"id-c2c7ab12dc8642fc9fb1ec6c6f2dd954","AccessRelationship","","","id-4b496219064b46f08207fdb0dc3bf7f0","id-e89af88f01874be0a4b9120f4ac08233",""
"id-6e4291b340d84d64afd4d41ab69ea81e","AccessRelationship","","","id-4adcfdd2c1fa4001b7d3f62e890df685","id-529f1a4ce650426e9dfdc0603f21fe9a",""
"id-c2f3800f264d445d9895648b6716b8d5","AccessRelationship","","","id-97d691a2331e473faae1fab91e18b469","id-a0e5d0d985304bf385f2ef1e6d568930",""
"id-ec4b7aea44a6433b83446d8509a53fcf","AccessRelationship","","","id-4862e153cce24e1bacd06b2b64e4d1c2","id-a0e5d0d985304bf385f2ef1e6d568930",""
"id-50d0536786094f6ab7b4853a7a690eb4","AccessRelationship","","","id-ddcbfa21ed444c32ae8c9479d454b8aa","id-a0e5d0d985304bf385f2ef1e6d568930",""
"id-144ccb2bd45943c2a5784c93019d68be","AccessRelationship","","","id-926d42a7b4d0436b992b7f1bd56a95f0","id-0c96d79652834bde8e3ebdcea2e6aa86",""
"id-a6415391297b4518b0cae8c5fae6591a","AccessRelationship","","","id-926d42a7b4d0436b992b7f1bd56a95f0","id-8e09356a0aa44bb4a671cf45b0e71033",""
"id-0f80947821c8494181880f1311e69bfb","AccessRelationship","","","id-926d42a7b4d0436b992b7f1bd56a95f0","id-3ff79df44c144909aece307e074bd1aa",""
"id-9d89a3c43aa24dcba2b720d9dab850c3","AccessRelationship","","","id-af4e249833af46e2924661fe6484a403","id-c90583124e4743a5afa2622e900ddbb1",""
"id-41a920a058da4abfb40648db249881cf","AccessRelationship","","","id-6e2a59b25c12433c9f19542bccf5fbac","id-04de8b9d1f8c4f669d074b73e287d143",""
"id-69950024898b4b15b8b63cd8763fac9d","AccessRelationship","","","id-d17c04cb17a645fb93323632e0a1e0e9","id-c90583124e4743a5afa2622e900ddbb1",""
"id-d36a3e4e4ca04bf58f26def6e5605c59","AccessRelationship","","","id-5fed81f7dcb741e49084b2e2aef1332e","id-2e690038969d46bfaa2cf7ce4c3e1331",""
"id-e16699afc4ea49bab2367d3709f16593","AccessRelationship","","","id-08f4a2d4d1ee42cfa23fc3ee7b0b1d7c","id-9871d31b56924434be3a04f6ec205e82",""
"id-bf4d562cc77249b09f41325f5050600f","AccessRelationship","","","id-cc0557493a044148b11e8a264db74c21","id-5e18467b681f4d3db679ccd2b5aa41c5",""
"id-63b5654d754b44b7875bfb62934019a7","AccessRelationship","","","id-dd1d1015a23144eb888f2e1774f543c4","id-b1138718e9704c299bc273f3d9dcf7bb",""
"id-35b73e9e1d24407781099400902e0fed","AccessRelationship","","","id-baf7d5c5efaa4e77966281f56e1d8c7c","id-e8d79b51151c4bc59c2d1a5e5d31273b",""
"id-b5b8d6648b9d4338bc5a4ed737b6fe97","AccessRelationship","","","id-ec1ecf59cf3a42f59466dff7643577c4","id-471cc86d8073445da9be3e75b5debfb2",""
"id-09752e98ee6444b698cdc32416c04b8a","AccessRelationship","","","id-b46ea96c2dc44110942e402e55e4b989","id-c66e6b0598c041e68f16ff6691115596",""
"id-4683d6245c0541fe95d30f54f4376ff7","AccessRelationship","","","id-5f186b6046304740ab9c6c9c8a420b61","id-caf5ee76fc3d4530bba17f783780f873",""
"id-d359b9578a2948d6ae4698bc1d59cb3f","AccessRelationship","","","id-5f186b6046304740ab9c6c9c8a420b61","id-0c6649c0843a4eb388851a2785a06b68",""
"id-b649ceb438f6407a8eda2075b740a806","AccessRelationship","","","id-5f186b6046304740ab9c6c9c8a420b61","id-4a46218ac6dd4088a350b33dce360168",""
"id-0ab96ffd4b9a4c4abffa929219c2761a","AccessRelationship","","","id-5f186b6046304740ab9c6c9c8a420b61","id-c39475adb21c4016b1f8b273b539d738",""
"id-45f2989d117b4e9a86b6437242b9af1a","AccessRelationship","","","id-06933dad789549049c9f69ea25d8c55c","id-5b8cf56853bc4a5e8de2674cd4da1294",""
"id-95c1c4f760b744199f8dac64ae304892","AccessRelationship","","","id-06933dad789549049c9f69ea25d8c55c","id-53a5959f0e6c4181ad9c44ba33567b63",""
"id-881b4e7e9e8b4b9e9f12b996800effda","AccessRelationship","","","id-06933dad789549049c9f69ea25d8c55c","id-eb34d89f40684d0d974d8f3ec00a5185",""
"id-6ecf703fd0174f67bda3bc4f3a10c04f","AccessRelationship","","","id-70a20489eb83481b975faf2b40fa3048","id-69f59fecc2a443ee88cb22622ccb6693",""
"id-df39993fe0654552ad6731d553b2969a","AccessRelationship","","","id-70a20489eb83481b975faf2b40fa3048","id-f9b88d765b0f45739ea7dd7f51656069",""
"id-3df9bc8fe146423f9a72be3a1af0d3eb","AccessRelationship","","","id-70a20489eb83481b975faf2b40fa3048","id-d3978638681742fe893b716f356f1c62",""
"id-0c76810fd46049fa844d0950e921ec88","AccessRelationship","","","id-7701dab0d7884b9c8bedc9eb44ce3327","id-8b49fe3504a74aefa52e021b7cc82006",""
"id-0865884c8c18422eb06696d04832f244","AssignmentRelationship","","","id-a50d7ae050004d109ae19521cfb10072","id-32ee5681d2f941a4aef7ea586c03a179",""
"id-3be16e4307be47caba9e9bb66393c8cb","AssignmentRelationship","","","id-a50d7ae050004d109ae19521cfb10072","id-090939a4b54b4633b29c5c33387df661",""
"id-d62776ea5141424185e2e82b62f4bcd7","AssignmentRelationship","","","id-2a0fcdc1e09b45c88c1465ed8bfcf560","id-b726830c978c4714b15b3e4bb52c3ca3",""
"id-9e48b564409e40588c27cead6e8f9c0f","AssignmentRelationship","","","id-ea198a58c3d446878c1fa6513d9e14ce","id-b726830c978c4714b15b3e4bb52c3ca3",""
"id-c524442dc129421798b9de68753e51e1","AssignmentRelationship","","","id-ea198a58c3d446878c1fa6513d9e14ce","id-4b496219064b46f08207fdb0dc3bf7f0",""
"id-4badbd83c42d4d6f888cb60ba9349ebf","AssignmentRelationship","","","id-2a0fcdc1e09b45c88c1465ed8bfcf560","id-4b496219064b46f08207fdb0dc3bf7f0",""
"id-4b9e6a5115da471f9a4cbc885f7661f8","AssignmentRelationship","","","id-4862e153cce24e1bacd06b2b64e4d1c2","id-49cff228a20f4b569ff624506ac7b0b5",""
"id-76dc750d751a4623b08e2c132647d927","AssignmentRelationship","","","id-ddcbfa21ed444c32ae8c9479d454b8aa","id-352df2672f1845e3ac4aa5e9561502fe",""
"id-6e90a0e706124c55be4d68475439f13c","AssignmentRelationship","","","id-f9501e40aa3c4ef78b041fa4cf724469","id-2997f9d47f06469dbf73fd89b90772cf",""
"id-42aadd4b9a8243b58ce0a432c22a4316","AssignmentRelationship","","","id-53a5500343b84360b4cd2ccb71d8ae7e","id-bce597a05bce46d9a1f6d72e37f24512",""
"id-00e2ba1de80f4744ae5a961d8ed1e29c","AssignmentRelationship","","","id-97d691a2331e473faae1fab91e18b469","id-bc11a6362a9d4d01b4b56beaf4388802",""
"id-20a693fdcc1641c2b88f499f2d9091d6","AssignmentRelationship","","","id-97d691a2331e473faae1fab91e18b469","id-b0dde6db301c47d9b6f6a926c1918a16",""
"id-215b8915fc8b4ae39c45cfc69ea1cf2d","AssignmentRelationship","","","id-ddcbfa21ed444c32ae8c9479d454b8aa","id-b70a7fafda1c4b4a81e104dd1383c63e",""
"id-834c491803dc4d40bf028f6997c43670","AssignmentRelationship","","","id-4862e153cce24e1bacd06b2b64e4d1c2","id-4d27a82ff1924966ba444722cf6abe64",""
"id-283278c3d2a84b54ba18581f3c7617e7","AssignmentRelationship","","","id-c8ea42e0a8aa457a9c00c86bf86cf9fd","id-e60406aa68744bab9c29074f4bf557f9",""
"id-e9409f9ee6124193817c24555a1c9212","AssignmentRelationship","","","id-130b51fbe2e54167a71bcfe0a8c5b2e9","id-321066c7064343deb5ca81c815bc05c1",""
"id-d1630bf6f36141a4b942241a1bdb624b","AssignmentRelationship","","","id-dca771de338242faae1148617476ceb5","id-c0c4364a2d6a4bb0b765bce4b4cf3abc",""
"id-e39b39fb6d474f279c790a441cd615ea","AssignmentRelationship","","","id-3cd1aa1326a44c06bc2d3929487172b5","id-fd31349b36424930ae6084ba61c0fa8a",""
"id-19ec007b5c3145b9b79e0d62f4f1d244","AssignmentRelationship","","","id-3cd1aa1326a44c06bc2d3929487172b5","id-56878356f25845c6880ba1406a1abcdb",""
"id-7a1ea680b3fd419d9fc8cd08a2772bc5","AssignmentRelationship","","","id-6ffbdcf384a04a0d87548f6b16ebc02c","id-7981106dcda647118a6361817bd58b82",""
"id-d39863b898d2436ea767b2b60b9043a2","AssignmentRelationship","","","id-c831cb63121d45d4b20ee390ba118e47","id-32c6d8eb4b6f4f2aa17cf17711c2c343",""
"id-b03666b072d8448a8c82cddc30e7f09b","AssignmentRelationship","","","id-7e84eb385a8f4678ba1945f7b8b53e6c","id-a907c4a1a8c24fd588c8c34eec442d4e",""
"id-973dac792fd64cbdbfac9ab1250038b3","AssignmentRelationship","","","id-926d42a7b4d0436b992b7f1bd56a95f0","id-37e46b0cc40043229bd15d3dc5332bd4",""
"id-9641705de68b46baa1d4e41f6323ba01","AssignmentRelationship","","","id-c8ea42e0a8aa457a9c00c86bf86cf9fd","id-8453d1991bf8438698f7dd287ec9db73",""
"id-57982b9b20ce49fcb8898434da5891b6","AssignmentRelationship","","","id-c8ea42e0a8aa457a9c00c86bf86cf9fd","id-210b65bf642f438eb75ff045ada298a5",""
"id-4976075b70934a41941e33ce9b0ba6e8","AssignmentRelationship","","","id-28109763c8cd4cd8928c7f926d11cc05","id-4ac46f5691a5400fade3a217e126ff10",""
"id-a63b946a44c64987bc4e12f673aef799","AssignmentRelationship","","","id-32ee5681d2f941a4aef7ea586c03a179","id-9dc25f9fbd7d4869bc48f3e50aaced14",""
"id-4b7eb31c117e40d9a93ffab8a7bac80f","AssignmentRelationship","","","id-090939a4b54b4633b29c5c33387df661","id-dd1d1015a23144eb888f2e1774f543c4",""
"id-442c235ee95b4b3bb2ac3daa551d4b7c","AssignmentRelationship","","","id-32ee5681d2f941a4aef7ea586c03a179","id-d465973b884c43dfbb151b3451d5f9c1",""
"id-95530b9aedbe4876900f07f2fef88c24","AssignmentRelationship","","","id-a50d7ae050004d109ae19521cfb10072","id-ea198a58c3d446878c1fa6513d9e14ce",""
"id-a5fc40d85b45468b9acee3abe80d20e2","AssignmentRelationship","","","id-a50d7ae050004d109ae19521cfb10072","id-2a0fcdc1e09b45c88c1465ed8bfcf560",""
"id-ea1e251be0364634a2d0788207974a0b","AssignmentRelationship","","","id-32ee5681d2f941a4aef7ea586c03a179","id-8141d6512d2e4f1784e31d6e3e20f19d",""
"id-da35517ef1564ed497da071a959c83e0","AssignmentRelationship","","","id-a50d7ae050004d109ae19521cfb10072","id-dbf6ebab7c3247f4ae96bfe65b09c0d4",""
"id-7a4786d8747742e9b0707f96d96709c7","AssignmentRelationship","","","id-a50d7ae050004d109ae19521cfb10072","id-e3152ebd99454a4b87762e55bec34d06",""
"id-bef1b5a0f8d442a6bb237ec4e782ed01","AssignmentRelationship","","","id-6b5f013e57f849ffaeeafce33f601687","id-b70fb3c3707041c782459af3647dd4ba",""
"id-b97852de7d9a4f5b96598133138324d6","AssignmentRelationship","","","id-6b5f013e57f849ffaeeafce33f601687","id-37e83eed75924e8182db6384b570bedd",""
"id-bf5c7c9d12df429dac0a10f548ef2660","AssignmentRelationship","","","id-e22eca32f8f64a56aadbc1c7726cdda6","id-d744f1f5bacc446d9154d4e55df7bc8c",""
"id-246246f5d16544248b3f0e7ac55bc3fb","AssignmentRelationship","","","id-e22eca32f8f64a56aadbc1c7726cdda6","id-106a8a1545ba4ecf903736447971f950",""
"id-af9e7bcbc55a4a44b568d4275d2ce61e","AssignmentRelationship","","","id-12e1de691ad8498eba42ae0358c3df3c","id-2ee37f1b24854f878f752165ebb3da44",""
"id-28c749ecc30545d2a80eb0a795be2a74","AssignmentRelationship","","","id-b4f02ac7e6dd4bee9bc2d728fc6a1777","id-0240997eca344d748674f75f565529e0",""
"id-6bbf24796d104681bb11195c3ea97e77","AssignmentRelationship","","","id-5f186b6046304740ab9c6c9c8a420b61","id-f5f7cd4297fb4c33921578e66fc3de61",""
"id-1c0c1e5f3d914fce9156994be9907358","AssignmentRelationship","","","id-ca24ab7d57fd4a7d9ad5558461ca7dc5","id-da905cbba3874cd79f4b11fce5bf63e1",""
"id-c8f580107a134efd95639d5393dd5f49","AssignmentRelationship","","","id-20d821cde34d4cef80a1a76376e36692","id-323999f231f04d2b9f1b9c904b0be3eb",""
"id-7ae66742501e44a495ab650a5e24ed66","AssignmentRelationship","","","id-238469b09bbe40bb8aea16c872b6b7ec","id-99a5e8eb97da4ff8a6204d4720e2d52a",""
"id-084166840fc94c4c9989010efb395ae7","AssignmentRelationship","","","id-17f968056c124ea5989ec63203c9c176","id-990d303e147f4173ba803fd575ba2427",""
"id-f0bf2a69bff044869aa11aee20f5ceee","AssignmentRelationship","","","id-953fff64db7c4efa851a8b5f63adb669","id-1bf583f2aaaf464799a95ef68f267171",""
"id-0ffa53f8672a41c797703a725d89dd4d","AssignmentRelationship","","","id-86c7ffe57231490aaf209899caf7511b","id-fe7a96f328ac409696ef362090ce540b",""
"id-69bfce8ea6744ad2820c2c9242ff3dfa","AssignmentRelationship","","","id-858f89718b9c46e8ba272446312ae626","id-91e1da00dea8420b8815a2f50d566471",""
"id-d8c8ca626fad4acc9fce66cb28d9c2de","AssignmentRelationship","","","id-858f89718b9c46e8ba272446312ae626","id-c50953bd18dc4008a24c51031b13fb90",""
"id-aaf1fa7c50314e45986e13ee8b2787c0","AssignmentRelationship","","","id-858f89718b9c46e8ba272446312ae626","id-156458ba46f2420e8b21ef24efc31548",""
"id-5bda7c7b78d0487fb9175ced6be4fd2b","AssignmentRelationship","","","id-59233073cb5c41868bcba7ebc2bbbd3f","id-e0424d89bad94ae68f32be23c0375e0d",""
"id-af83d02879a345e698882e63da5eef4b","AssignmentRelationship","","","id-1fa753f7064147878ad30451f62336fd","id-0106fb6855a14122ae9712fd59dfcc35",""
"id-e064ba590f4a4129af04e2d8b0f6574c","AssignmentRelationship","","","id-f9b077ee34274356a42556f18b8064cf","id-bedadfce70ae4f5db6ee95a1f44d4855",""
"id-2ee770e3ae564f42af17add190ea315c","AssignmentRelationship","","","id-d67f1c0358844b4a9f178cdb31bb1eb3","id-e0ec873a27584f82aace811111178a63",""
"id-4ea182e39cd14f7c95feedefad294c79","CompositionRelationship","","","id-dbf6ebab7c3247f4ae96bfe65b09c0d4","id-f6433d288bec48f0967aea32da9d5cb8",""
"id-b11a91e780c74be998ef205f507ed7e9","CompositionRelationship","","","id-dbf6ebab7c3247f4ae96bfe65b09c0d4","id-3a3c47fa4908423a8bdac14bc21122dc",""
"id-360cd16ee0d5404994f6b6abd237ec7e","CompositionRelationship","","","id-dbf6ebab7c3247f4ae96bfe65b09c0d4","id-4adcfdd2c1fa4001b7d3f62e890df685",""
"id-2853db81cb8e4a4ebcbef09867ff5b18","CompositionRelationship","","","id-dbf6ebab7c3247f4ae96bfe65b09c0d4","id-be4e4864b9be48dfa36e618ddd43ac49",""
"id-c084052f5c954b67b2029346fbfa5709","CompositionRelationship","","","id-dbf6ebab7c3247f4ae96bfe65b09c0d4","id-e411da6112a745dd8a440fee9e028cd3",""
"id-bf9e295a0b6445b99b9b8c7aab333671","CompositionRelationship","","","id-dbf6ebab7c3247f4ae96bfe65b09c0d4","id-84d0230a7db84284b82c35fdb51a165a",""
"id-8c56005311954ecf8182594a2015175a","CompositionRelationship","","","id-f1bc2dc08ab343e890441663e71dd870","id-2961e1ea2ef341b3bf0f9d9a5f33aac7",""
"id-994b1189680d47d190296317af0f33c5","CompositionRelationship","","","id-f1bc2dc08ab343e890441663e71dd870","id-264ebabea01b4c43a39d0cc74c2078df",""
"id-51defb303a2f40ec8e0b16ac7be06991","CompositionRelationship","","","id-e3152ebd99454a4b87762e55bec34d06","id-324fc6a9375a4965baa0d8675ee45d23",""
"id-e268d1801f9e4941b484782918d5004b","CompositionRelationship","","","id-e3152ebd99454a4b87762e55bec34d06","id-df5dc10f7a6248fe8066ff37feaf93a4",""
"id-b398931ca8a74a4981786083f8534d39","CompositionRelationship","","","id-e3152ebd99454a4b87762e55bec34d06","id-6dafc7f42a1e4698aa3a459b5eb33307",""
"id-adc45df7f79345cca71c27d6d55e403d","CompositionRelationship","","","id-e3152ebd99454a4b87762e55bec34d06","id-a3f79ccc36224beea28b9abf389ba4cf",""
"id-ac6846cbc8f549aea521c840a9cac387","CompositionRelationship","","","id-e3152ebd99454a4b87762e55bec34d06","id-3b42c4d5dd784eb3808887e5d40253e9",""
"id-0fa3a28fb0c74cc69e23d612f26d0e36","CompositionRelationship","","","id-e3152ebd99454a4b87762e55bec34d06","id-d59802e4a25747869163040f06876753",""
"id-7b743efeb49f4f53930eb8c7974d5d06","CompositionRelationship","","","id-e3152ebd99454a4b87762e55bec34d06","id-e8f2048a2ada4b0fa9b29919c0354e04",""
"id-9517695422d643c08df8d5420497def9","CompositionRelationship","","","id-f1bc2dc08ab343e890441663e71dd870","id-b726830c978c4714b15b3e4bb52c3ca3",""
"id-7af0cff3c81f4e1f88ae12a5ebd58fd0","CompositionRelationship","","","id-f1bc2dc08ab343e890441663e71dd870","id-0fd995c3e2414725bac887abadc1338f",""
"id-acaad42315284ac8a6930decc1c41e0b","CompositionRelationship","","","id-f1bc2dc08ab343e890441663e71dd870","id-fd0078d6f55d4b3a9ca89f3c0a87e87d",""
"id-43ebb9c178974edb93b986ffc6dbb3f7","CompositionRelationship","","","id-f1bc2dc08ab343e890441663e71dd870","id-83c448bb9b884ae8b9fbbb5a8238b02c",""
"id-ea73b2f7e70640be83109cbfbd0c1db6","CompositionRelationship","","","id-f1bc2dc08ab343e890441663e71dd870","id-a085dea8331e4eb2a50562d6cdd8315f",""
"id-e873f349cd814d59921b39a93d34fe85","CompositionRelationship","","","id-f1bc2dc08ab343e890441663e71dd870","id-4b496219064b46f08207fdb0dc3bf7f0",""
"id-576f41b05a874c53af9897897a62e01c","CompositionRelationship","","","id-f1bc2dc08ab343e890441663e71dd870","id-267c13569801480cafa312c10f8dde25",""
"id-1d98db45be5040699e07555b603aaae2","CompositionRelationship","","","id-f1bc2dc08ab343e890441663e71dd870","id-557c174b893344549a3a6d13baaa3679",""
"id-3e532e0ef4fc41058bc23f1498760486","CompositionRelationship","","","id-f1bc2dc08ab343e890441663e71dd870","id-ad5d54f9b1ad4f89b3500553564db841",""
"id-6a823e4c0c584b67b1d21f1c1bac39e5","CompositionRelationship","","","id-ddcbfa21ed444c32ae8c9479d454b8aa","id-53a5500343b84360b4cd2ccb71d8ae7e",""
"id-bdba7dfa26b348d89d8256ba70b4bdd7","CompositionRelationship","","","id-ddcbfa21ed444c32ae8c9479d454b8aa","id-4862e153cce24e1bacd06b2b64e4d1c2",""
"id-07f632ee433842e88eea42abaf6c04ff","CompositionRelationship","","","id-ddcbfa21ed444c32ae8c9479d454b8aa","id-30fdaf273a5d42b4b4d1cfaee0cb0e96",""
"id-f3d397c3439f4e4f8a91841b9c8d7d1a","CompositionRelationship","","","id-ddcbfa21ed444c32ae8c9479d454b8aa","id-f9501e40aa3c4ef78b041fa4cf724469",""
"id-6b7c379d3aa44a74902ea6dc74188973","CompositionRelationship","","","id-ddcbfa21ed444c32ae8c9479d454b8aa","id-97d691a2331e473faae1fab91e18b469",""
"id-adb70745fa6947a8a03c038ac070cc96","CompositionRelationship","","","id-d465973b884c43dfbb151b3451d5f9c1","id-5fed81f7dcb741e49084b2e2aef1332e",""
"id-186ba9c212fd4f10b22150938b0b3d44","CompositionRelationship","","","id-d465973b884c43dfbb151b3451d5f9c1","id-ac7ecc8c990746118d62349be533a283",""
"id-14c2a651622a423b8445858359b47de3","CompositionRelationship","","","id-d465973b884c43dfbb151b3451d5f9c1","id-0eec409d37f6408498ed809f47cd3b1b",""
"id-5cae8a56f1bb44d08f7454a241dc392e","CompositionRelationship","","","id-d6d4a3f3cb324cc2a685d05598eac1e2","id-af4e249833af46e2924661fe6484a403",""
"id-6ad5e24c27b449a186c9d0a51821324e","CompositionRelationship","","","id-b154b2edb8dd4116ac5d4052e99a522b","id-d17c04cb17a645fb93323632e0a1e0e9",""
"id-31e9a64516354e9dbff5b690cca6846a","CompositionRelationship","","","id-d465973b884c43dfbb151b3451d5f9c1","id-04c53d6687fe4fe6801de5682ba9317e",""
"id-62e8290fc3a14a56bd3722212256ae1e","CompositionRelationship","","","id-d465973b884c43dfbb151b3451d5f9c1","id-03deeb64df304c60837e524e5c741767",""
"id-dd91cb5e7dde4f05bbc6b11bec223a08","CompositionRelationship","","","id-d465973b884c43dfbb151b3451d5f9c1","id-6e2a59b25c12433c9f19542bccf5fbac",""
"id-0fa508903dfa4424855df314a1376afc","CompositionRelationship","","","id-ca32711b842941bbbea4d2f4ee0c52bc","id-08f4a2d4d1ee42cfa23fc3ee7b0b1d7c",""
"id-d32122b3d8ee404386366be128a2f5f8","CompositionRelationship","","","id-ca32711b842941bbbea4d2f4ee0c52bc","id-de69332711724f8d8f027f16e0c269d0",""
"id-d530f864d09a4357a8c77770ba7bc736","CompositionRelationship","","","id-ca32711b842941bbbea4d2f4ee0c52bc","id-e7a26d3ffdac45099d92458ab21bfd11",""
"id-ae07cf9557b740e5be65598f4e213898","CompositionRelationship","","","id-ca32711b842941bbbea4d2f4ee0c52bc","id-192247a418b14ba989d299a6a2382c4f",""
"id-5a777f02f588417398a767a7e270baad","CompositionRelationship","","","id-ca32711b842941bbbea4d2f4ee0c52bc","id-43b7ad2377f04646af5040df11f6c669",""
"id-bdcd92d526e24a18b3c13aaca8758d87","CompositionRelationship","","","id-ca32711b842941bbbea4d2f4ee0c52bc","id-b2624c41d6924943b61c3e0b6baef5d8",""
"id-29f960acea2a421d9ceb28867a862767","CompositionRelationship","","","id-ca32711b842941bbbea4d2f4ee0c52bc","id-a68824df26e54b41b452a8f246875713",""
"id-ed6692e85b2f4e2a95177972eb06401a","CompositionRelationship","","","id-9dc25f9fbd7d4869bc48f3e50aaced14","id-0cfddffea87644dfb0225e63cb36716f",""
"id-1257a73244754065963950c1a86970d7","CompositionRelationship","","","id-9dc25f9fbd7d4869bc48f3e50aaced14","id-0616038454624517b8397227db1cb907",""
"id-53b41ab0932d4c639e48df3d5ae72239","CompositionRelationship","","","id-9dc25f9fbd7d4869bc48f3e50aaced14","id-83ff45571b784bb1b469a88d36af1af0",""
"id-5c36ff3417fe43ca96f9ea7490562945","CompositionRelationship","","","id-9dc25f9fbd7d4869bc48f3e50aaced14","id-dd1d1015a23144eb888f2e1774f543c4",""
"id-a15f5b464ce447a1818f7ec983bf6b54","CompositionRelationship","","","id-9dc25f9fbd7d4869bc48f3e50aaced14","id-cc0557493a044148b11e8a264db74c21",""
"id-a9fe65a225ab4b7fb9b5c440d5e86b35","CompositionRelationship","","","id-9dc25f9fbd7d4869bc48f3e50aaced14","id-6e4a1bf102e74053a1f0594ff1e6177f",""
"id-25914ecb4df04ee9a879bfbbec42b2d1","CompositionRelationship","","","id-9dc25f9fbd7d4869bc48f3e50aaced14","id-cc8d8338a64d4448aa5d85771722d377",""
"id-53b48c9ab0994d7dbab6edb7fb00f91e","CompositionRelationship","","","id-5613bb749c9646208a7cfe22c07a5b1f","id-4e1266866b114291ad859fc6857ffa35",""
"id-415ca5c8719d4ee9a3e110eecb75bf27","CompositionRelationship","","","id-5613bb749c9646208a7cfe22c07a5b1f","id-23d7d424a960438d9c70662ea77b721d",""
"id-e8c694082ea94f859d8c2e1247f3ff94","CompositionRelationship","","","id-5613bb749c9646208a7cfe22c07a5b1f","id-6d740ba809794835b1d61acb06f3e420",""
"id-69b502b439a04fa6910ad7736f4de920","CompositionRelationship","","","id-5613bb749c9646208a7cfe22c07a5b1f","id-b3bc5c84527e42c19d0fcbbf0d62575f",""
"id-53cf90961d304a388c68ec9c0c468154","CompositionRelationship","","","id-5613bb749c9646208a7cfe22c07a5b1f","id-67570700b74b4391970f57d18f70797e",""
"id-355c7e1571d248a0981d583abb1dcf9d","CompositionRelationship","","","id-5613bb749c9646208a7cfe22c07a5b1f","id-c6ad7e877a8742cba2d3dd23acc68f73",""
"id-d10ce8adbf7d4be48c525b0221a38cdc","CompositionRelationship","","","id-a6bddd9ad426434b9d10465d24d4aed4","id-9e07b5a3b9f64fc88a0ac7d21124f299",""
"id-dde0aa9028da45fba85fb0f4424b13a4","CompositionRelationship","","","id-a6bddd9ad426434b9d10465d24d4aed4","id-402c4a2842bb446280638ad1f527fd49",""
"id-8058721ac99149ab8f17605eee66c9fe","CompositionRelationship","","","id-a6bddd9ad426434b9d10465d24d4aed4","id-b37b9b57debd4b40a1310542a2b529f7",""
"id-539eaf55793a4b51983572b1f406745f","CompositionRelationship","","","id-a6bddd9ad426434b9d10465d24d4aed4","id-265d821529024534af8ce64666d0b296",""
"id-dff0d5af975b42e6b1db39ccd5c5a586","CompositionRelationship","","","id-8779a65b80794a47863d69e72877ae4b","id-00baa322cab8452ba89133791bd35291",""
"id-034f4d5802d145a397501eea2a6a4e42","CompositionRelationship","","","id-8779a65b80794a47863d69e72877ae4b","id-a0bf4c26168a45b0b53064e1275c3fe1",""
"id-b96f11fe47c84674a18afb704cf26d68","CompositionRelationship","","","id-8779a65b80794a47863d69e72877ae4b","id-ef65f922582c4c59b391fc4658a2290e",""
"id-028fe590575c46febd1d88bb653e0a9d","CompositionRelationship","","","id-8779a65b80794a47863d69e72877ae4b","id-0f8304d7fda94ac98cab1f238d67d282",""
"id-094bad782cb140be8319a8426f55a7f5","CompositionRelationship","","","id-01f897a1bd134f2f82fa3b782cdf6e49","id-500afdd456eb40ceb87cf30af06eddc8",""
"id-9afac961d9ab44c3b71375f551de2157","CompositionRelationship","","","id-01f897a1bd134f2f82fa3b782cdf6e49","id-f42a5d6db3804aa8b892143b7929a7bb",""
"id-9ed6c45494964a0a9705b5a74ab738c4","CompositionRelationship","","","id-01f897a1bd134f2f82fa3b782cdf6e49","id-1b18df6b2f874cc48afc6647ab6209c1",""
"id-bdefc0de813d44ac96aa32e5fd2f3f99","CompositionRelationship","","","id-01f897a1bd134f2f82fa3b782cdf6e49","id-ff7c65cfcf6445f1b4caf0af08c13d8e",""
"id-2a20ad7fe8d846ac8d5ddcf19fc0c14e","CompositionRelationship","","","id-01f897a1bd134f2f82fa3b782cdf6e49","id-5b7b9b9adb8546268134dcea9eddb0c4",""
"id-d1fddab143f0464d9e499dce79bf7dec","CompositionRelationship","","","id-8779a65b80794a47863d69e72877ae4b","id-f0ecdf3f394d4a6885f8af4feac05e8c",""
"id-bf5c4fb55b0748e88ca49f8e49dd383c","CompositionRelationship","","","id-a6bddd9ad426434b9d10465d24d4aed4","id-45913efea1114440943f7cc9eb9aaebc",""
"id-a0714eaf6adb4cfabd7c1bf626b9d851","CompositionRelationship","","","id-8141d6512d2e4f1784e31d6e3e20f19d","id-baf7d5c5efaa4e77966281f56e1d8c7c",""
"id-02bab41c834a48168065f82e02484a2f","CompositionRelationship","","","id-8141d6512d2e4f1784e31d6e3e20f19d","id-9d3b99eef6dc406d9cd61397186418a6",""
"id-079b34e5bc0241779c9ebfd4dd5a3a94","CompositionRelationship","","","id-8141d6512d2e4f1784e31d6e3e20f19d","id-c2364208118f443599f8e710782ae93b",""
"id-0722ec5b21e247a9a61388573cf2b79d","CompositionRelationship","","","id-8141d6512d2e4f1784e31d6e3e20f19d","id-df6584ee0af34b549a922c433358a849",""
"id-70599051c5ad470f8e182d2abedafb8d","CompositionRelationship","","","id-8141d6512d2e4f1784e31d6e3e20f19d","id-ec1ecf59cf3a42f59466dff7643577c4",""
"id-18ad2c44bdfe4138986456d271d83dab","CompositionRelationship","","","id-8141d6512d2e4f1784e31d6e3e20f19d","id-b1a93b0e09f944aebf8dedca23d2ebfc",""
"id-64a4915ec87042578d228c56355325aa","CompositionRelationship","","","id-a02341a51fab4ab5a85f0e0ce84caba6","id-1467338c28a445439ebc29dda677e99c",""
"id-9c9588e83dc34e448f9b8f3cfd58d30f","CompositionRelationship","","","id-a02341a51fab4ab5a85f0e0ce84caba6","id-66871f72103241c0be9cb445fb3dab3b",""
"id-87109faee86148768a7ea96a8372cb8b","CompositionRelationship","","","id-a02341a51fab4ab5a85f0e0ce84caba6","id-8ce7bb3b44d2445a88af19e5250ccd87",""
"id-8a9e76bc76564cefab285a776014c57d","CompositionRelationship","","","id-a02341a51fab4ab5a85f0e0ce84caba6","id-f1ddf3e4ac2f45c2983b05fab68b36af",""
"id-afa6c55d80144e86a8243eb9c82d3777","CompositionRelationship","","","id-a02341a51fab4ab5a85f0e0ce84caba6","id-20fb394cce964eb6a9a7485db8fffd83",""
"id-9d12b3fdb00d4a7e8c908e7403ac3062","CompositionRelationship","","","id-a02341a51fab4ab5a85f0e0ce84caba6","id-b46ea96c2dc44110942e402e55e4b989",""
"id-b0372bec718043ff85c06bc3894600bd","CompositionRelationship","","","id-013aa2c3c5af4e1683538daf2ae1bbd2","id-d267c6e3a9584df48fe40e79fca59440",""
"id-383bbaf344724fcb876ab2b4dd84e753","CompositionRelationship","","","id-013aa2c3c5af4e1683538daf2ae1bbd2","id-fd321f6f423942a1be647213303a97fa",""
"id-d8dfc71c4b5d445c8b5284b5ea238015","CompositionRelationship","","","id-013aa2c3c5af4e1683538daf2ae1bbd2","id-8304e08e37414cef897012598345f71b",""
"id-a70584616d874f8d8168502dcca879dd","RealizationRelationship","","","id-e3152ebd99454a4b87762e55bec34d06","id-33f85e57c2554881b6668d7ad107c31c",""
"id-6e01e2980b864033a4d83673d392c169","RealizationRelationship","","","id-dbf6ebab7c3247f4ae96bfe65b09c0d4","id-5888b9a1a5fc4c7a8690d5360e615f9b",""
"id-0901106b806a480d8cd9263a71822fac","RealizationRelationship","","","id-f1bc2dc08ab343e890441663e71dd870","id-e82c7ea764334a8e8a163e427d9eabb0",""
"id-238de68fe3614da0975097fb8fdd791f","RealizationRelationship","","","id-ddcbfa21ed444c32ae8c9479d454b8aa","id-060b8772aa6c46a3be04839adab53aa6",""
"id-c9e30e913ad84a6383fe5daeabcd234b","RealizationRelationship","","","id-30fdaf273a5d42b4b4d1cfaee0cb0e96","id-4730618a3da54aca92f033356710d226",""
"id-906df89002cd4c158ebb6d614d4f0466","RealizationRelationship","","","id-f9501e40aa3c4ef78b041fa4cf724469","id-ab4c448a3a4e46e2853ed394eef9fb39",""
"id-3c1ccac9db39409fb43f42ab642fff45","RealizationRelationship","","","id-53a5500343b84360b4cd2ccb71d8ae7e","id-12c9c6762e7d4b3280513be2c61cdcbb",""
"id-09b32355183f4d29a2a358070e20f899","RealizationRelationship","","","id-4862e153cce24e1bacd06b2b64e4d1c2","id-428b1dc6134446199687beedad970da1",""
"id-b039d491865c4a15848d960710e160ef","RealizationRelationship","","","id-28109763c8cd4cd8928c7f926d11cc05","id-e60406aa68744bab9c29074f4bf557f9",""
"id-5432c12a9403415eb4aa79122e3fcf23","RealizationRelationship","","","id-dca771de338242faae1148617476ceb5","id-8fb100f71891404fb7ac505a57a33237",""
"id-4e134856aa26431e8d2b4974e37ccccd","RealizationRelationship","","","id-130b51fbe2e54167a71bcfe0a8c5b2e9","id-e08f94f8b09f44cf9598839b3d95d7d6",""
"id-76f0651acaf249f3b6dfb51d46c750ad","RealizationRelationship","","","id-3cd1aa1326a44c06bc2d3929487172b5","id-8453d1991bf8438698f7dd287ec9db73",""
"id-a9a3375bb9234ecd91c871032017bb19","RealizationRelationship","","","id-7e84eb385a8f4678ba1945f7b8b53e6c","id-a7d069666c1049f4a991b72227906ae7",""
"id-10362e1fad5b4572ac69f6fb3398095f","RealizationRelationship","","","id-c831cb63121d45d4b20ee390ba118e47","id-210b65bf642f438eb75ff045ada298a5",""
"id-a6977f7fdc5c48999de75ac4b585c4fa","RealizationRelationship","","","id-6ffbdcf384a04a0d87548f6b16ebc02c","id-dfa389f686a848be9f10c829bd842f21",""
"id-2975e7cf2d8b409a95bae343beeeb87a","RealizationRelationship","","","id-d465973b884c43dfbb151b3451d5f9c1","id-b24eb387e3f54e10bafc7d13b9fabbda",""
"id-58494b246b6942ab93ec46bd00fdb6b5","RealizationRelationship","","","id-ca32711b842941bbbea4d2f4ee0c52bc","id-013aa2c3c5af4e1683538daf2ae1bbd2",""
"id-976789fa71d94fc38b93dadc48c25b14","RealizationRelationship","","","id-9dc25f9fbd7d4869bc48f3e50aaced14","id-d267c6e3a9584df48fe40e79fca59440",""
"id-d321d2f0741444f8bc0bc164e5740b24","RealizationRelationship","","","id-9dc25f9fbd7d4869bc48f3e50aaced14","id-fd321f6f423942a1be647213303a97fa",""
"id-647f44dbca144b02a97af5a071365c75","RealizationRelationship","","","id-9dc25f9fbd7d4869bc48f3e50aaced14","id-8304e08e37414cef897012598345f71b",""
"id-f9bdf34ecfe24a3cb0c5aa76a17461d5","RealizationRelationship","","","id-8141d6512d2e4f1784e31d6e3e20f19d","id-43c83baaef7148808488df4b707d3124",""
"id-a81038b4450d4ee6af9cbbd3d45de0f7","RealizationRelationship","","","id-b4f02ac7e6dd4bee9bc2d728fc6a1777","id-1a59a5b850aa4c9491c97cc56aa90da3",""
"id-f1069d51f10b48a5b7f876b489f582c5","RealizationRelationship","","","id-12e1de691ad8498eba42ae0358c3df3c","id-73773a9748234ada8a5767d682821077",""
"id-5cc147b7a9a148a1bb6afa6570216533","RealizationRelationship","","","id-e22eca32f8f64a56aadbc1c7726cdda6","id-885acac27e6e4d909a74fd7674e7bcb1",""
"id-f232042eeb85495db271e22329025e8a","RealizationRelationship","","","id-6b5f013e57f849ffaeeafce33f601687","id-54cfd3d98413465c9df8037ed77fced4",""
"id-af96b2ad29724a28869dd15bd9ac673f","RealizationRelationship","","","id-238469b09bbe40bb8aea16c872b6b7ec","id-da905cbba3874cd79f4b11fce5bf63e1",""
"id-f2abef4b7ec946d39ab0d80eae558889","RealizationRelationship","","","id-17f968056c124ea5989ec63203c9c176","id-fe7a96f328ac409696ef362090ce540b",""
"id-1b2e3148d006436d99aa31e736c97ae8","RealizationRelationship","","","id-953fff64db7c4efa851a8b5f63adb669","id-323999f231f04d2b9f1b9c904b0be3eb",""
"id-4c8436f837b24470b7d4d02d0863a7e5","RealizationRelationship","","","id-96e310a2c76349ebb9c8b2e9afc14aaa","id-fd560afa8df04fd1a97aeb2e75327e9d",""
"id-5cd23bfdc76a4970bf57a02d30da097c","RealizationRelationship","","","id-64344fb2a31b4f018cb240052ed4c0dd","id-71f762c6bf7c4b8584189293f963cc84",""
"id-1a148b782e56440c8811a07cfc980eae","RealizationRelationship","","","id-858f89718b9c46e8ba272446312ae626","id-e0424d89bad94ae68f32be23c0375e0d",""
"id-d77631c50e134d10b74d2c619bf06f0d","RealizationRelationship","","","id-10bcc9a37ba94254b92a80fd3a4f528f","id-6974d434e44946839f97d1a6d29cd9a4",""
"id-2b80a509df0848c78a93d0c40eb53eb2","RealizationRelationship","","","id-f9b077ee34274356a42556f18b8064cf","id-0106fb6855a14122ae9712fd59dfcc35",""
"id-6897192407514034b00311b18eb5780a","RealizationRelationship","","","id-d67f1c0358844b4a9f178cdb31bb1eb3","id-0106fb6855a14122ae9712fd59dfcc35",""
"id-89ec0c78e5254eba8787fe1889681dcf","ServingRelationship","","","id-33f85e57c2554881b6668d7ad107c31c","id-a50d7ae050004d109ae19521cfb10072",""
"id-91230b2014384d59a27dddbdaf91f2a4","ServingRelationship","","","id-5888b9a1a5fc4c7a8690d5360e615f9b","id-a50d7ae050004d109ae19521cfb10072",""
"id-f2d3307c270c4bb6871b6cac16c4349e","ServingRelationship","","","id-e82c7ea764334a8e8a163e427d9eabb0","id-a50d7ae050004d109ae19521cfb10072",""
"id-e8519d40f3b24c9fa8f32fe51bb78d9a","ServingRelationship","","","id-f9501e40aa3c4ef78b041fa4cf724469","id-97d691a2331e473faae1fab91e18b469",""
"id-80d9d6c7c9a348729a3874fe61651a87","ServingRelationship","","","id-4862e153cce24e1bacd06b2b64e4d1c2","id-97d691a2331e473faae1fab91e18b469",""
"id-76bbeeef85ee4da5b373c2bec1be9ab8","ServingRelationship","","","id-30fdaf273a5d42b4b4d1cfaee0cb0e96","id-97d691a2331e473faae1fab91e18b469",""
"id-5d001ed9214b477ea8f63579f749fee9","ServingRelationship","","","id-6ffbdcf384a04a0d87548f6b16ebc02c","id-130b51fbe2e54167a71bcfe0a8c5b2e9",""
"id-728af09e26a44a42ab7d577e55dfeb18","ServingRelationship","","","id-6ffbdcf384a04a0d87548f6b16ebc02c","id-28109763c8cd4cd8928c7f926d11cc05",""
"id-b4988f25bb8046f1b60b2e5641326aa0","ServingRelationship","","","id-130b51fbe2e54167a71bcfe0a8c5b2e9","id-28109763c8cd4cd8928c7f926d11cc05",""
"id-9a001980684744239ca09733b7c1dc5f","ServingRelationship","","","id-dca771de338242faae1148617476ceb5","id-28109763c8cd4cd8928c7f926d11cc05",""
"id-02728c062e7e43299a96adb2906630d3","ServingRelationship","","","id-28109763c8cd4cd8928c7f926d11cc05","id-c8ea42e0a8aa457a9c00c86bf86cf9fd",""
"id-b11ccff1362e496cba71ac2fc2409d92","ServingRelationship","","","id-c8ea42e0a8aa457a9c00c86bf86cf9fd","id-3cd1aa1326a44c06bc2d3929487172b5",""
"id-b8eec19b52f54a42b1fd48bd6f70d8ce","ServingRelationship","","","id-6ffbdcf384a04a0d87548f6b16ebc02c","id-3cd1aa1326a44c06bc2d3929487172b5",""
"id-9534b16c6a874f0f82b9c4fe18e3a04c","ServingRelationship","","","id-6ffbdcf384a04a0d87548f6b16ebc02c","id-7e84eb385a8f4678ba1945f7b8b53e6c",""
"id-8ec25fffe72c4a9b818ce2f710100771","ServingRelationship","","","id-130b51fbe2e54167a71bcfe0a8c5b2e9","id-c831cb63121d45d4b20ee390ba118e47",""
"id-6e7ae83f6a64468db75be74c47964ad3","ServingRelationship","","","id-926d42a7b4d0436b992b7f1bd56a95f0","id-6ffbdcf384a04a0d87548f6b16ebc02c",""
"id-6bd35bd7134c4b4a92822d2815fe5568","ServingRelationship","","","id-c8ea42e0a8aa457a9c00c86bf86cf9fd","id-130b51fbe2e54167a71bcfe0a8c5b2e9",""
"id-1331638993aa43b08284d8f2cf3dd52c","ServingRelationship","","","id-e60406aa68744bab9c29074f4bf557f9","id-30fdaf273a5d42b4b4d1cfaee0cb0e96",""
"id-e7dc82f01ca2474b981e4759d0097c73","ServingRelationship","","","id-e08f94f8b09f44cf9598839b3d95d7d6","id-30fdaf273a5d42b4b4d1cfaee0cb0e96",""
"id-0f65c2ea47544004b230112879b954aa","ServingRelationship","","","id-e60406aa68744bab9c29074f4bf557f9","id-97d691a2331e473faae1fab91e18b469",""
"id-3761da10eb994d1c8f6746cd4d099bc5","ServingRelationship","","","id-e08f94f8b09f44cf9598839b3d95d7d6","id-97d691a2331e473faae1fab91e18b469",""
"id-1102d27a740145fa8b44257a9918c24c","ServingRelationship","","","id-dca771de338242faae1148617476ceb5","id-926d42a7b4d0436b992b7f1bd56a95f0",""
"id-1fe501112ad54aa69f58f63b0d108781","ServingRelationship","","","id-43c83baaef7148808488df4b707d3124","id-a50d7ae050004d109ae19521cfb10072",""
"id-69478d0148984e88a5e6f21707891609","ServingRelationship","","","id-b24eb387e3f54e10bafc7d13b9fabbda","id-a50d7ae050004d109ae19521cfb10072",""
"id-c1d138b095ea4767b7f3fcb1fd793810","ServingRelationship","","","id-5f186b6046304740ab9c6c9c8a420b61","id-afce79294dbc4d20a456dc877190382e",""
"id-408730275f3a4d5baae92114bdf50a0b","ServingRelationship","","","id-afce79294dbc4d20a456dc877190382e","id-6b5f013e57f849ffaeeafce33f601687",""
"id-935f83c2488048fab0c4d6ab925dea28","ServingRelationship","","","id-afce79294dbc4d20a456dc877190382e","id-e22eca32f8f64a56aadbc1c7726cdda6",""
"id-94dd1422d4ed4e3ca9dae01b221d9db5","ServingRelationship","","","id-afce79294dbc4d20a456dc877190382e","id-12e1de691ad8498eba42ae0358c3df3c",""
"id-18bbc5eb3d884d16a039a92a1738583d","ServingRelationship","","","id-afce79294dbc4d20a456dc877190382e","id-b4f02ac7e6dd4bee9bc2d728fc6a1777",""
"id-49312d00fb7046cfa3120bf330e271e2","ServingRelationship","","","id-e60406aa68744bab9c29074f4bf557f9","id-6b5f013e57f849ffaeeafce33f601687",""
"id-7f698c9257304addac5d17698aec7e92","ServingRelationship","","","id-e08f94f8b09f44cf9598839b3d95d7d6","id-6b5f013e57f849ffaeeafce33f601687",""
"id-ccf66e3d649346cb88d96285fa19f9b1","ServingRelationship","","","id-e08f94f8b09f44cf9598839b3d95d7d6","id-e22eca32f8f64a56aadbc1c7726cdda6",""
"id-d36e9d7cd0d24dcdadc6ffc284fd1d39","ServingRelationship","","","id-e60406aa68744bab9c29074f4bf557f9","id-e22eca32f8f64a56aadbc1c7726cdda6",""
"id-fc49467242c34a289f5ed3e7100b7043","ServingRelationship","","","id-e22eca32f8f64a56aadbc1c7726cdda6","id-6b5f013e57f849ffaeeafce33f601687",""
"id-8025dbc5f0e84aeca9c1c4c2a7c27117","ServingRelationship","","","id-12e1de691ad8498eba42ae0358c3df3c","id-e22eca32f8f64a56aadbc1c7726cdda6",""
"id-09a57a6c38f14df18f95a8e4c989835b","ServingRelationship","","","id-12e1de691ad8498eba42ae0358c3df3c","id-6b5f013e57f849ffaeeafce33f601687",""
"id-3ae4dc419be14d28a4ad66e2d31ab2bd","ServingRelationship","","","id-b4f02ac7e6dd4bee9bc2d728fc6a1777","id-e22eca32f8f64a56aadbc1c7726cdda6",""
"id-bd0284f19d65471bb7729236de4de2dc","ServingRelationship","","","id-b4f02ac7e6dd4bee9bc2d728fc6a1777","id-6b5f013e57f849ffaeeafce33f601687",""
"id-73bebe1d06a945c1bc8cf2c7b1412909","ServingRelationship","","","id-8c6834bb098b40958da14239d0ddf240","id-953fff64db7c4efa851a8b5f63adb669",""
"id-7a07685154a74bf9821f7a88ee506bb1","ServingRelationship","","","id-8c6834bb098b40958da14239d0ddf240","id-17f968056c124ea5989ec63203c9c176",""
"id-082f2bb818344f5ebbb4c853395cc8e4","ServingRelationship","","","id-8c6834bb098b40958da14239d0ddf240","id-238469b09bbe40bb8aea16c872b6b7ec",""
"id-d5ad6e3cbcf74c3b8c6b7e98ee3e6c11","ServingRelationship","","","id-06933dad789549049c9f69ea25d8c55c","id-8c6834bb098b40958da14239d0ddf240",""
"id-39a0fa5c26a34d8fb76a41ead4923b92","ServingRelationship","","","id-858f89718b9c46e8ba272446312ae626","id-10bcc9a37ba94254b92a80fd3a4f528f",""
"id-56172151cb1640a5824674777b0e44d0","ServingRelationship","","","id-64344fb2a31b4f018cb240052ed4c0dd","id-858f89718b9c46e8ba272446312ae626",""
"id-51395512678c4bd29033ef1cfb1304f2","ServingRelationship","","","id-96e310a2c76349ebb9c8b2e9afc14aaa","id-64344fb2a31b4f018cb240052ed4c0dd",""
"id-e4b4227f5fa949b5a038bb93b1cbef58","ServingRelationship","","","id-70a20489eb83481b975faf2b40fa3048","id-64344fb2a31b4f018cb240052ed4c0dd",""
"id-8e4e01fad2394e49a1ffabc7567eeb73","ServingRelationship","","","id-70a20489eb83481b975faf2b40fa3048","id-96e310a2c76349ebb9c8b2e9afc14aaa",""
"id-dcbd4c8a9835422d852cca812bac473b","ServingRelationship","","","id-70a20489eb83481b975faf2b40fa3048","id-10bcc9a37ba94254b92a80fd3a4f528f",""
"id-146371bc2b9c4588adeab4ae25eb0732","ServingRelationship","","","id-e08f94f8b09f44cf9598839b3d95d7d6","id-64344fb2a31b4f018cb240052ed4c0dd",""
"id-69537e4b13e74794b36293ce34928ee6","ServingRelationship","","","id-8453d1991bf8438698f7dd287ec9db73","id-64344fb2a31b4f018cb240052ed4c0dd",""
"id-6470952f4d824a10be64890437cccf0a","ServingRelationship","","","id-0d3f209e17274fd5884944e94b027d9d","id-d67f1c0358844b4a9f178cdb31bb1eb3",""
"id-7f841620ff8f460eb0e1b86ba3ae56d9","ServingRelationship","","","id-0d3f209e17274fd5884944e94b027d9d","id-f9b077ee34274356a42556f18b8064cf",""
"id-b3917b6791884c31b552051f3c4b6936","ServingRelationship","","","id-7701dab0d7884b9c8bedc9eb44ce3327","id-0d3f209e17274fd5884944e94b027d9d",""
"id-9f674231921f4ca385da0a49938c7c60","SpecializationRelationship","","","id-d6d4a3f3cb324cc2a685d05598eac1e2","id-0eec409d37f6408498ed809f47cd3b1b",""
"id-94f29d32904d44aa8657b4432a78deb5","SpecializationRelationship","","","id-b154b2edb8dd4116ac5d4052e99a522b","id-04c53d6687fe4fe6801de5682ba9317e",""
"id-4ea3bf0b5d6941cb8b2b8469a157f566","SpecializationRelationship","","","id-9dc25f9fbd7d4869bc48f3e50aaced14","id-e7a26d3ffdac45099d92458ab21bfd11",""
"id-83a7fd99f937461d836d8dbb01314deb","SpecializationRelationship","","","id-5613bb749c9646208a7cfe22c07a5b1f","id-cc8d8338a64d4448aa5d85771722d377",""
"id-202ece600fcd4416a2ef4d47f69517d0","SpecializationRelationship","","","id-a6bddd9ad426434b9d10465d24d4aed4","id-b3bc5c84527e42c19d0fcbbf0d62575f",""
"id-96fcf43d7a3448a694e0026a4312363f","SpecializationRelationship","","","id-8779a65b80794a47863d69e72877ae4b","id-67570700b74b4391970f57d18f70797e",""
"id-1921005864094458807ddb9f78f3d7ec","SpecializationRelationship","","","id-01f897a1bd134f2f82fa3b782cdf6e49","id-c6ad7e877a8742cba2d3dd23acc68f73",""
"id-c3a1fbb8b64543ec9d1f333e5df3c6ca","SpecializationRelationship","","","id-dbf6ebab7c3247f4ae96bfe65b09c0d4","id-5b7b9b9adb8546268134dcea9eddb0c4",""
"id-a5f0e6a711ab474d901a164b5b29754c","SpecializationRelationship","","","id-dbf6ebab7c3247f4ae96bfe65b09c0d4","id-f0ecdf3f394d4a6885f8af4feac05e8c",""
"id-160a72535be742b2a95ade3a7184835d","SpecializationRelationship","","","id-dbf6ebab7c3247f4ae96bfe65b09c0d4","id-45913efea1114440943f7cc9eb9aaebc",""
"id-d7d923d1be7f4f2bacca99f812e60158","SpecializationRelationship","","","id-d465973b884c43dfbb151b3451d5f9c1","id-265d821529024534af8ce64666d0b296",""
"id-08116f5ac6b1414f912be1d1d6297738","SpecializationRelationship","","","id-d465973b884c43dfbb151b3451d5f9c1","id-0f8304d7fda94ac98cab1f238d67d282",""
"id-a703f3c176ec423abd4caf5c75681330","SpecializationRelationship","","","id-d465973b884c43dfbb151b3451d5f9c1","id-f42a5d6db3804aa8b892143b7929a7bb",""
"id-5d703177f5eb49b4893df180b05e5af2","SpecializationRelationship","","","id-d465973b884c43dfbb151b3451d5f9c1","id-b2624c41d6924943b61c3e0b6baef5d8",""
"id-ef02f707761c46dd964b3cb76b666e10","SpecializationRelationship","","","id-a02341a51fab4ab5a85f0e0ce84caba6","id-c2364208118f443599f8e710782ae93b",""
"id-c43a5f3055ba4645bfbc000f5b3d6f6f","SpecializationRelationship","","","id-8141d6512d2e4f1784e31d6e3e20f19d","id-192247a418b14ba989d299a6a2382c4f",""
"id-d08585feb2294168b7f89ed35e4fa945","TriggeringRelationship","","","id-f6433d288bec48f0967aea32da9d5cb8","id-3a3c47fa4908423a8bdac14bc21122dc",""
"id-ee94bf38758f431b9adc0984e5d33ba3","TriggeringRelationship","","","id-3a3c47fa4908423a8bdac14bc21122dc","id-4adcfdd2c1fa4001b7d3f62e890df685",""
"id-17817d9dd4754eafb42efc2ee7c0980d","TriggeringRelationship","","","id-4adcfdd2c1fa4001b7d3f62e890df685","id-1409145e83c44aac9438fe272bd28793",""
"id-beabf9f870a14226850113b40e1c5641","TriggeringRelationship","","","id-1409145e83c44aac9438fe272bd28793","id-be4e4864b9be48dfa36e618ddd43ac49",""
"id-48f7e5e83fa94e9994c37d0504c84463","TriggeringRelationship","","","id-1409145e83c44aac9438fe272bd28793","id-e411da6112a745dd8a440fee9e028cd3",""
"id-e37fa6b00d934f93ad59f00ff3fd7f69","TriggeringRelationship","","","id-be4e4864b9be48dfa36e618ddd43ac49","id-84d0230a7db84284b82c35fdb51a165a",""
"id-2c362fc6ca9e422d91e06e640bf62a4d","TriggeringRelationship","","","id-e411da6112a745dd8a440fee9e028cd3","id-84d0230a7db84284b82c35fdb51a165a",""
"id-61d1a6d883ce4407a0880e0d5ca5c17e","TriggeringRelationship","","","id-84d0230a7db84284b82c35fdb51a165a","id-2cedd5e9123e472b8004c038f002f04c",""
"id-e8b08a6f434245f18d6a6672018a2efb","TriggeringRelationship","","","id-2cedd5e9123e472b8004c038f002f04c","id-3a3c47fa4908423a8bdac14bc21122dc",""
"id-d52d1f7e248f4c99913d9cf42b2492f8","TriggeringRelationship","","","id-264ebabea01b4c43a39d0cc74c2078df","id-2961e1ea2ef341b3bf0f9d9a5f33aac7",""
"id-731e5b8164ca4fec8377f38ccf68388d","TriggeringRelationship","","","id-324fc6a9375a4965baa0d8675ee45d23","id-6d5f1d2b83e24805ad954c080609896d",""
"id-3df6016791204a408674a49dc4ea9d2b","TriggeringRelationship","","","id-6d5f1d2b83e24805ad954c080609896d","id-df5dc10f7a6248fe8066ff37feaf93a4",""
"id-b6b8326729ae43b6b8f57838287795f3","TriggeringRelationship","","","id-df5dc10f7a6248fe8066ff37feaf93a4","id-6dafc7f42a1e4698aa3a459b5eb33307",""
"id-0767b5304646466e88a47b3d60b035ff","TriggeringRelationship","","","id-6dafc7f42a1e4698aa3a459b5eb33307","id-a3f79ccc36224beea28b9abf389ba4cf",""
"id-3e9e78bf70544996a697386f3dec305a","TriggeringRelationship","","","id-a3f79ccc36224beea28b9abf389ba4cf","id-3b42c4d5dd784eb3808887e5d40253e9",""
"id-61af3bc50f8147c9b25bae514312f7b1","TriggeringRelationship","","","id-3b42c4d5dd784eb3808887e5d40253e9","id-d7b5eddcd2a44e1b83c3a11921fd0bd6",""
"id-d0d68c6b531046ef9c7d18602b6146ce","TriggeringRelationship","","","id-d7b5eddcd2a44e1b83c3a11921fd0bd6","id-d59802e4a25747869163040f06876753",""
"id-2ed1f7f278b247de8c81920661982b65","TriggeringRelationship","","","id-d59802e4a25747869163040f06876753","id-df5dc10f7a6248fe8066ff37feaf93a4",""
"id-6d6e125a8216498e921e755a461b4caa","TriggeringRelationship","","","id-d7b5eddcd2a44e1b83c3a11921fd0bd6","id-e8f2048a2ada4b0fa9b29919c0354e04",""
"id-37ccc940d9484ace961a258bec7dea63","TriggeringRelationship","","","id-2961e1ea2ef341b3bf0f9d9a5f33aac7","id-b726830c978c4714b15b3e4bb52c3ca3",""
"id-dd5587f03399497eae361a9e23e0eb40","TriggeringRelationship","","","id-b726830c978c4714b15b3e4bb52c3ca3","id-0fd995c3e2414725bac887abadc1338f",""
"id-e25a3c09d2f04ef8a188976d89aa87c4","TriggeringRelationship","","","id-0fd995c3e2414725bac887abadc1338f","id-fd0078d6f55d4b3a9ca89f3c0a87e87d",""
"id-84c9dbab7a0e4aa6aff3d797ac9c0809","TriggeringRelationship","","","id-fd0078d6f55d4b3a9ca89f3c0a87e87d","id-83c448bb9b884ae8b9fbbb5a8238b02c",""
"id-2ff587a668b74fadb814afeace8e1ec7","TriggeringRelationship","","","id-83c448bb9b884ae8b9fbbb5a8238b02c","id-569884e422864445a3f05c7bf1a7c734",""
"id-691f5a21ae8e42baa7795c020092369f","TriggeringRelationship","","","id-569884e422864445a3f05c7bf1a7c734","id-fd0078d6f55d4b3a9ca89f3c0a87e87d",""
"id-2f2bcbd615ab4cd5b5aca2e3ae4eb6de","TriggeringRelationship","","","id-569884e422864445a3f05c7bf1a7c734","id-a085dea8331e4eb2a50562d6cdd8315f",""
"id-d7213c6b633e439093e0618e21db0561","TriggeringRelationship","","","id-a085dea8331e4eb2a50562d6cdd8315f","id-4b496219064b46f08207fdb0dc3bf7f0",""
"id-3479339034e64d51a7d4ae252a7869a2","TriggeringRelationship","","","id-4b496219064b46f08207fdb0dc3bf7f0","id-267c13569801480cafa312c10f8dde25",""
"id-ac7a214d5d9a4c7f9a94a4786eb52de1","TriggeringRelationship","","","id-267c13569801480cafa312c10f8dde25","id-557c174b893344549a3a6d13baaa3679",""
"id-91b759f20c7b4b2988cc82f72ab20746","TriggeringRelationship","","","id-557c174b893344549a3a6d13baaa3679","id-ad5d54f9b1ad4f89b3500553564db841",""
"id-b14c796bdf914c66b3cd16b37a2b769e","TriggeringRelationship","","","id-5fed81f7dcb741e49084b2e2aef1332e","id-35ee57223c5d434a9932333b205ec31b",""
"id-6b3f57cdb0db4f279b48715b4f808a86","TriggeringRelationship","","","id-35ee57223c5d434a9932333b205ec31b","id-ac7ecc8c990746118d62349be533a283",""
"id-1101b43853024ce7b684f0f7c200ad55","TriggeringRelationship","","","id-35ee57223c5d434a9932333b205ec31b","id-0eec409d37f6408498ed809f47cd3b1b",""
"id-7c64c79a6ce24b618124ad37c2f02839","TriggeringRelationship","","","id-af4e249833af46e2924661fe6484a403","id-5948a6dd78e940a3aa6864eebd5d8935",""
"id-9f2d6d63d7ea4dd7820777976b5795e2","TriggeringRelationship","","","id-5948a6dd78e940a3aa6864eebd5d8935","id-10e2e5ddbcb54c1c9ed1fe19ffcd96dd",""
"id-77133c9dd13c407aae3d48e3f40f420f","TriggeringRelationship","","","id-5948a6dd78e940a3aa6864eebd5d8935","id-af4e249833af46e2924661fe6484a403",""
"id-5ab3eb94e8cc4bb9a1acece03ce655e3","TriggeringRelationship","","","id-791831c759da4899846e7820fefbaa12","id-af4e249833af46e2924661fe6484a403",""
"id-94209144695243559b2caac01657b4ad","TriggeringRelationship","","","id-6e46de7d7c0a4764bdf88140169592ea","id-d17c04cb17a645fb93323632e0a1e0e9",""
"id-53b7aee073de475aa9d07357b670ac97","TriggeringRelationship","","","id-6e46de7d7c0a4764bdf88140169592ea","id-7f6c8208b71249ffbc2e76dd9d1665f2",""
"id-1aea4dada031412886ed7b06739db1a7","TriggeringRelationship","","","id-ecad33ea57cf44fbb6fde33ea7dbf2ae","id-d17c04cb17a645fb93323632e0a1e0e9",""
"id-5aff6997787e4328b7bb13ef57df3f21","TriggeringRelationship","","","id-0eec409d37f6408498ed809f47cd3b1b","id-60862f32073c4adca14fe21f1446f402",""
"id-1dca32ca1ace4e1d868f0d0e600c03b0","TriggeringRelationship","","","id-60862f32073c4adca14fe21f1446f402","id-ac7ecc8c990746118d62349be533a283",""
"id-afda2c47189a4212b3e5fc455e76ac64","TriggeringRelationship","","","id-60862f32073c4adca14fe21f1446f402","id-04c53d6687fe4fe6801de5682ba9317e",""
"id-2c80ee3b754f4908b5586b45dc8a6f42","TriggeringRelationship","","","id-ac7ecc8c990746118d62349be533a283","id-03deeb64df304c60837e524e5c741767",""
"id-24f81fa62fdb4f8b838d4907157b28e2","TriggeringRelationship","","","id-03deeb64df304c60837e524e5c741767","id-6e2a59b25c12433c9f19542bccf5fbac",""
"id-660b46055d8d461ea9f99974d4827277","TriggeringRelationship","","","id-4aa5f487f14944938174fa8ca0935a7b","id-5fed81f7dcb741e49084b2e2aef1332e",""
"id-83eac9c9ccd84064947cdf12d6b0a6ff","TriggeringRelationship","","","id-04c53d6687fe4fe6801de5682ba9317e","id-35ee57223c5d434a9932333b205ec31b",""
"id-c7974a8155b149aeae954d5ee2f82641","TriggeringRelationship","","","id-6e2a59b25c12433c9f19542bccf5fbac","id-90a6bfb1624042f4aef4e985d7a212e8",""
"id-c8a34787080d49fca2e083afb5315c49","TriggeringRelationship","","","id-d3ea56b4f4ac4e18aebee31986e32e8d","id-264ebabea01b4c43a39d0cc74c2078df",""
"id-924cb24006c349a68e320e4ce4c8f11a","TriggeringRelationship","","","id-ad5d54f9b1ad4f89b3500553564db841","id-e7377358127346fba687bb153e430b66",""
"id-11fe29be38384b46846ece5290742adf","TriggeringRelationship","","","id-08f4a2d4d1ee42cfa23fc3ee7b0b1d7c","id-de69332711724f8d8f027f16e0c269d0",""
"id-dcbf6b18f6864076a5bf40c031ae1fb0","TriggeringRelationship","","","id-de69332711724f8d8f027f16e0c269d0","id-848262930a064a3bb099266c7f11f758",""
"id-8532ddd816d347d7ae09d503dc1f214b","TriggeringRelationship","","","id-848262930a064a3bb099266c7f11f758","id-e7a26d3ffdac45099d92458ab21bfd11",""
"id-a67865a9261d4b7a95173b59db78740c","TriggeringRelationship","","","id-e7a26d3ffdac45099d92458ab21bfd11","id-192247a418b14ba989d299a6a2382c4f",""
"id-1091c592ce934a759d9c558937d98847","TriggeringRelationship","","","id-848262930a064a3bb099266c7f11f758","id-43b7ad2377f04646af5040df11f6c669",""
"id-3978b54b233b430d9083fabb5083b1dc","TriggeringRelationship","","","id-43b7ad2377f04646af5040df11f6c669","id-b2624c41d6924943b61c3e0b6baef5d8",""
"id-9ff96ab2e0cd44158237a00bc655ed9f","TriggeringRelationship","","","id-e8fa709aaeb042218f902236943cb474","id-bfa702303898442395e87b406db3f5d9",""
"id-1252a24fd22644b8b20c939c3e7f6e3a","TriggeringRelationship","","","id-b2624c41d6924943b61c3e0b6baef5d8","id-e8fa709aaeb042218f902236943cb474",""
"id-bac6d7d4089b4e1fb078ca765d945986","TriggeringRelationship","","","id-e8fa709aaeb042218f902236943cb474","id-848262930a064a3bb099266c7f11f758",""
"id-b3c40ad1223649e2b0ca8780ef8d030a","TriggeringRelationship","","","id-192247a418b14ba989d299a6a2382c4f","id-a68824df26e54b41b452a8f246875713",""
"id-ddd59067aaf245c99fca078840157c56","TriggeringRelationship","","","id-a68824df26e54b41b452a8f246875713","id-848262930a064a3bb099266c7f11f758",""
"id-234bb41a9a904054906115417a78a68f","TriggeringRelationship","","","id-b7cf868651a847449bacb0980d69eaa7","id-08f4a2d4d1ee42cfa23fc3ee7b0b1d7c",""
"id-5835da67789d4bfa8aa7f56cb63e0513","TriggeringRelationship","","","id-0cfddffea87644dfb0225e63cb36716f","id-0616038454624517b8397227db1cb907",""
"id-eb8a305738814052aaa852e1e750d640","TriggeringRelationship","","","id-0616038454624517b8397227db1cb907","id-83ff45571b784bb1b469a88d36af1af0",""
"id-a4004401bc3a456a80f0d8b10513eeb7","TriggeringRelationship","","","id-83ff45571b784bb1b469a88d36af1af0","id-dd1d1015a23144eb888f2e1774f543c4",""
"id-b6ec3659a7984a2893f85c9bb659af13","TriggeringRelationship","","","id-dd1d1015a23144eb888f2e1774f543c4","id-cc0557493a044148b11e8a264db74c21",""
"id-d31116c26ffb4e01aa5d9c7cc6ee4bb0","TriggeringRelationship","","","id-cc0557493a044148b11e8a264db74c21","id-6e4a1bf102e74053a1f0594ff1e6177f",""
"id-c83f3695a94049f192350c8c63794bcd","TriggeringRelationship","","","id-6e4a1bf102e74053a1f0594ff1e6177f","id-cc8d8338a64d4448aa5d85771722d377",""
"id-ae2f5b7e164149e39fbe5eb1dd51db1a","TriggeringRelationship","","","id-cc8d8338a64d4448aa5d85771722d377","id-194046801f8042a18ca88d7d9f84edc9",""
"id-3f4efca3a3484afaab13d2705109513c","TriggeringRelationship","","","id-05f45b07eb194cb49a37a8535f8a4ff1","id-0cfddffea87644dfb0225e63cb36716f",""
"id-fd1e7bce7cc94b30ba87b0ac173829d0","TriggeringRelationship","","","id-194046801f8042a18ca88d7d9f84edc9","id-7c30a7c47a124b819202fd6fd514f3e3",""
"id-b742b087ace243d886a08e8e1860ce3b","TriggeringRelationship","","","id-194046801f8042a18ca88d7d9f84edc9","id-8f053841ff8c43cebe031adb0b5d5519",""
"id-edfac68b5abb455cbc78f43af3a56ed3","TriggeringRelationship","","","id-8f053841ff8c43cebe031adb0b5d5519","id-6e4a1bf102e74053a1f0594ff1e6177f",""
"id-45f4977d63f14f8daa7a4d76af87e1ea","TriggeringRelationship","","","id-8f053841ff8c43cebe031adb0b5d5519","id-83ff45571b784bb1b469a88d36af1af0",""
"id-f9b54fd73df748dd8d843a45e2173ba0","TriggeringRelationship","","","id-4e1266866b114291ad859fc6857ffa35","id-23d7d424a960438d9c70662ea77b721d",""
"id-198d80e48ace49938c083d9d181f4644","TriggeringRelationship","","","id-23d7d424a960438d9c70662ea77b721d","id-6d740ba809794835b1d61acb06f3e420",""
"id-7d5f6fb1ee954c17ba2dbaf4759dd24d","TriggeringRelationship","","","id-6d740ba809794835b1d61acb06f3e420","id-38ac9f2929024bcea4cef66e3d31389a",""
"id-9e0978206da440459b0857b4d9ea357e","TriggeringRelationship","","","id-38ac9f2929024bcea4cef66e3d31389a","id-67570700b74b4391970f57d18f70797e",""
"id-6417a05e289e4c12b0ceeb6c392e2f51","TriggeringRelationship","","","id-38ac9f2929024bcea4cef66e3d31389a","id-b3bc5c84527e42c19d0fcbbf0d62575f",""
"id-b1672eded03f4ba8ae8bb46881497ed9","TriggeringRelationship","","","id-38ac9f2929024bcea4cef66e3d31389a","id-c6ad7e877a8742cba2d3dd23acc68f73",""
"id-6b0c88e5119b441ab9d7c73f2dd82de8","TriggeringRelationship","","","id-9e07b5a3b9f64fc88a0ac7d21124f299","id-b37b9b57debd4b40a1310542a2b529f7",""
"id-10a1dad8dd084c4eb33ae8798439aeae","TriggeringRelationship","","","id-402c4a2842bb446280638ad1f527fd49","id-9e07b5a3b9f64fc88a0ac7d21124f299",""
"id-0248aec0313d4c6b9fbf5618fa08f320","TriggeringRelationship","","","id-b37b9b57debd4b40a1310542a2b529f7","id-265d821529024534af8ce64666d0b296",""
"id-0a608865001441a493a96d281a3ed6b7","TriggeringRelationship","","","id-265d821529024534af8ce64666d0b296","id-38d5f98b3c4c44e4b611d259b086beda",""
"id-3affd842658948628aa90ddc79edb9a4","TriggeringRelationship","","","id-38d5f98b3c4c44e4b611d259b086beda","id-f1eaee7857414e748b4cf1b68d621499",""
"id-870ef06fd16a4b289b3dc8a972ec91eb","TriggeringRelationship","","","id-f1eaee7857414e748b4cf1b68d621499","id-402c4a2842bb446280638ad1f527fd49",""
"id-ad422c717dba4d89a17ccec368fd4f36","TriggeringRelationship","","","id-af6cd7cfd88648c384ec1da128c29426","id-402c4a2842bb446280638ad1f527fd49",""
"id-e1088103b4594036a71895d616986294","TriggeringRelationship","","","id-f1eaee7857414e748b4cf1b68d621499","id-421ebd1241af49f5a3a853f7e8fd8b98",""
"id-ed42621ace2746b98c06e585cb7f08fd","TriggeringRelationship","","","id-00baa322cab8452ba89133791bd35291","id-a0bf4c26168a45b0b53064e1275c3fe1",""
"id-915070668e094b4db587a0d5fe207185","TriggeringRelationship","","","id-a0bf4c26168a45b0b53064e1275c3fe1","id-0f8304d7fda94ac98cab1f238d67d282",""
"id-5e19e4197ba947e6ae510d3d9744c18b","TriggeringRelationship","","","id-613843ffda614d9aa59851b893c4def9","id-3d021b1b08f84a5a88eb1d8f53889bf1",""
"id-f74d6b8c56f444acb1dc1afe18a6eff7","TriggeringRelationship","","","id-0f8304d7fda94ac98cab1f238d67d282","id-c2ae53c8958440ad96d9b07aedd971b2",""
"id-af3e7ebf39144a68aac1df8cfe1a0ea8","TriggeringRelationship","","","id-ef65f922582c4c59b391fc4658a2290e","id-00baa322cab8452ba89133791bd35291",""
"id-f33cef55b0834c57884f246506ed898a","TriggeringRelationship","","","id-34863ed689ea4194ba2ae850329058b6","id-ef65f922582c4c59b391fc4658a2290e",""
"id-38f93a0b8e0f49819f79d609b9f8264f","TriggeringRelationship","","","id-c2ae53c8958440ad96d9b07aedd971b2","id-613843ffda614d9aa59851b893c4def9",""
"id-8ce6c1cb08fa4daab0ce6f3ccf9d7bdc","TriggeringRelationship","","","id-613843ffda614d9aa59851b893c4def9","id-ef65f922582c4c59b391fc4658a2290e",""
"id-53dd6d3873214cba9859e6aeadfac496","TriggeringRelationship","","","id-98edab6840a14b0fac001e2fe34248ab","id-7231b97cb77041938470361b0436f4fc",""
"id-76e2b221c54743b9b42a27230117c62a","TriggeringRelationship","","","id-4c154b7b2f9d4891bf33117dcff82ea5","id-1b18df6b2f874cc48afc6647ab6209c1",""
"id-3c14d4a010ff4efb902d5597dce7eb66","TriggeringRelationship","","","id-1b18df6b2f874cc48afc6647ab6209c1","id-ff7c65cfcf6445f1b4caf0af08c13d8e",""
"id-53fb71d768d34f539c19d94efcf45de2","TriggeringRelationship","","","id-f42a5d6db3804aa8b892143b7929a7bb","id-efc6dd1bce3043aeb4d9621e08e61d47",""
"id-2f60456306674eb88eb07d8d5f4f3db6","TriggeringRelationship","","","id-500afdd456eb40ceb87cf30af06eddc8","id-f42a5d6db3804aa8b892143b7929a7bb",""
"id-2988edbd102049fd99c19b6327d28bc9","TriggeringRelationship","","","id-98edab6840a14b0fac001e2fe34248ab","id-1b18df6b2f874cc48afc6647ab6209c1",""
"id-5b636c81fbd54c01a1e45744fdeec3e7","TriggeringRelationship","","","id-ff7c65cfcf6445f1b4caf0af08c13d8e","id-500afdd456eb40ceb87cf30af06eddc8",""
"id-9b93e22f6c3141418b4bdfec7cd4340d","TriggeringRelationship","","","id-efc6dd1bce3043aeb4d9621e08e61d47","id-98edab6840a14b0fac001e2fe34248ab",""
"id-3823246e4d934fc2b7e35cb2dac4fb65","TriggeringRelationship","","","id-e185f69493d54a6787509f727d0e30c8","id-4e1266866b114291ad859fc6857ffa35",""
"id-7c68fd6953e94871a7138513c7d7a558","TriggeringRelationship","","","id-c6ad7e877a8742cba2d3dd23acc68f73","id-a6ce6ef7006b48f1a8410548d62724ad",""
"id-b665b7d2bd184b5691eb8934e983e820","TriggeringRelationship","","","id-67570700b74b4391970f57d18f70797e","id-a6ce6ef7006b48f1a8410548d62724ad",""
"id-c9f9adea936f4ce9b03e47131a18de31","TriggeringRelationship","","","id-b3bc5c84527e42c19d0fcbbf0d62575f","id-a6ce6ef7006b48f1a8410548d62724ad",""
"id-d5c530571a944788bde7ea30172cac8b","TriggeringRelationship","","","id-efc6dd1bce3043aeb4d9621e08e61d47","id-5b7b9b9adb8546268134dcea9eddb0c4",""
"id-873ce92d1c4948839dd68148449bc4a0","TriggeringRelationship","","","id-5b7b9b9adb8546268134dcea9eddb0c4","id-98edab6840a14b0fac001e2fe34248ab",""
"id-d4bc44831b8e49988a8cf60559132c6c","TriggeringRelationship","","","id-c2ae53c8958440ad96d9b07aedd971b2","id-f0ecdf3f394d4a6885f8af4feac05e8c",""
"id-6163b2bff84d43238a3fb2b26450b7d7","TriggeringRelationship","","","id-f0ecdf3f394d4a6885f8af4feac05e8c","id-613843ffda614d9aa59851b893c4def9",""
"id-450fe5e618c749ddb500882a661b2442","TriggeringRelationship","","","id-38d5f98b3c4c44e4b611d259b086beda","id-45913efea1114440943f7cc9eb9aaebc",""
"id-6f54b9e7cc3c4d02a73241b7196ae9da","TriggeringRelationship","","","id-45913efea1114440943f7cc9eb9aaebc","id-f1eaee7857414e748b4cf1b68d621499",""
"id-ec4283b953d544a3889838e7fd152fef","TriggeringRelationship","","","id-18a59b2b593d4f9e856328f9fa693bc7","id-baf7d5c5efaa4e77966281f56e1d8c7c",""
"id-6cf4bb572e674a03b58a3a5085f142fb","TriggeringRelationship","","","id-baf7d5c5efaa4e77966281f56e1d8c7c","id-9d3b99eef6dc406d9cd61397186418a6",""
"id-31853cdeb0a941efac68dfd240e71300","TriggeringRelationship","","","id-9d3b99eef6dc406d9cd61397186418a6","id-c2364208118f443599f8e710782ae93b",""
"id-ac58c6501bed49369fb5ed5b54009ac5","TriggeringRelationship","","","id-c2364208118f443599f8e710782ae93b","id-c782e99ee80f44398161f125a7db8969",""
"id-10a8355c55204526867b0aefabaa5b0d","TriggeringRelationship","","","id-c782e99ee80f44398161f125a7db8969","id-6e90f4b451654aa9b3bb9a6a1abbe8d8",""
"id-bb60d32ad47d474192930af4bbb27ed1","TriggeringRelationship","","","id-c782e99ee80f44398161f125a7db8969","id-df6584ee0af34b549a922c433358a849",""
"id-c006a7914b74491ea3f2cfbecbcfedcc","TriggeringRelationship","","","id-df6584ee0af34b549a922c433358a849","id-649109b9f54745539fc31f8a7693471b",""
"id-9ab75b65bc9b4e3fad7f301cdb9d8900","TriggeringRelationship","","","id-649109b9f54745539fc31f8a7693471b","id-baf7d5c5efaa4e77966281f56e1d8c7c",""
"id-4212525dd08d4dad86b12475c56e15c7","TriggeringRelationship","","","id-649109b9f54745539fc31f8a7693471b","id-ec1ecf59cf3a42f59466dff7643577c4",""
"id-a2aa8d01425147f0b44f13daaab69961","TriggeringRelationship","","","id-ec1ecf59cf3a42f59466dff7643577c4","id-eb4139f377d64b4195700e52a475d16d",""
"id-dd637ece8842449bb2ec97e305466595","TriggeringRelationship","","","id-eb4139f377d64b4195700e52a475d16d","id-baf7d5c5efaa4e77966281f56e1d8c7c",""
"id-7a221bbe7e4c4c66997bd86f486ead77","TriggeringRelationship","","","id-eb4139f377d64b4195700e52a475d16d","id-b1a93b0e09f944aebf8dedca23d2ebfc",""
"id-bbb04c6e785249a8bdc2dca1dcf0af0f","TriggeringRelationship","","","id-b1a93b0e09f944aebf8dedca23d2ebfc","id-7309999cf18441ce809d539d5572328a",""
"id-6fdef2f6514c49358fed8cf6ddb45663","TriggeringRelationship","","","id-7309999cf18441ce809d539d5572328a","id-baf7d5c5efaa4e77966281f56e1d8c7c",""
"id-2f56d09a7f4447879324ed1a5556a81c","TriggeringRelationship","","","id-7309999cf18441ce809d539d5572328a","id-6e90f4b451654aa9b3bb9a6a1abbe8d8",""
"id-eb54e47862fa42e58d0c19c96b3dc17a","TriggeringRelationship","","","id-57d73ff4fc7c4f91a1872cf18085f499","id-1467338c28a445439ebc29dda677e99c",""
"id-41cad420c6b241aba9d00ff106799baf","TriggeringRelationship","","","id-1467338c28a445439ebc29dda677e99c","id-66871f72103241c0be9cb445fb3dab3b",""
"id-11e6bae98a114ab5a4707cdf81650f9c","TriggeringRelationship","","","id-66871f72103241c0be9cb445fb3dab3b","id-8ce7bb3b44d2445a88af19e5250ccd87",""
"id-bcc15c1cc195493cb219dd98aa8a21a6","TriggeringRelationship","","","id-8ce7bb3b44d2445a88af19e5250ccd87","id-f1ddf3e4ac2f45c2983b05fab68b36af",""
"id-a15db6dc524a4f878eef61c92d79eb78","TriggeringRelationship","","","id-f1ddf3e4ac2f45c2983b05fab68b36af","id-20fb394cce964eb6a9a7485db8fffd83",""
"id-1e6db98fda3f4840aa8ee4586df4a81a","TriggeringRelationship","","","id-20fb394cce964eb6a9a7485db8fffd83","id-b46ea96c2dc44110942e402e55e4b989",""
"id-376129418cce410d9140ca25607c43d1","TriggeringRelationship","","","id-b46ea96c2dc44110942e402e55e4b989","id-d6ca70b4029e43799176c606fa65be60",""
"id-c7a34a487d48461bacb9d8baaac99552","TriggeringRelationship","","","id-013aa2c3c5af4e1683538daf2ae1bbd2","id-a50d7ae050004d109ae19521cfb10072",""
"id-90de4b7ebb7f4391bd44abe9568e66be","TriggeringRelationship","","","id-728458e6f6094233ae68922b92ebd748","id-f6433d288bec48f0967aea32da9d5cb8",""
"id-60c63c2f79a247bc9bafeda12cac8370","TriggeringRelationship","","","id-2cedd5e9123e472b8004c038f002f04c","id-a35570c023e64516bab1a30a275697cf",""
"id-c903c811e6274dfdb0089e2e523b4f65","TriggeringRelationship","","","id-525e7c1caa9347e29d9ca9542f0a8373","id-324fc6a9375a4965baa0d8675ee45d23",""
"id-6b3c0bae9d3d44acb0316f6563e2a127","TriggeringRelationship","","","id-e8f2048a2ada4b0fa9b29919c0354e04","id-c4c70f89d15d44d1b31faf90df74189d",""
"id-47285550643b429488dd38d2fbde6fbb","TriggeringRelationship","Voe collected","","id-d17c04cb17a645fb93323632e0a1e0e9","id-6e46de7d7c0a4764bdf88140169592ea",""